LAST NAME,FIRST NAME,EMAIL,ZIPCODE,CITY,STATE,ADDRESS,PHONE
Campbell,Mary,lcanhook@jumpstartlab.com,02454,Waltham,MA,MB 1616 Brandeis University,6469246000
Bastias,Mary,gorench@jumpstartlab.com,04101,Portland,ME,28 state st. apt 2,6177212000
Rodgers,Mary,ecbdulwa@jumpstartlab.com,05445,Charlotte,VT,142 Mt. Philo Rd,4849953000
Schuster,Mary,eoiyu.xu@jumpstartlab.com,06459,Middletown,CT,45 Wyllys Ave,8579285000
Gray,Mary,fuushma1@jumpstartlab.com,14226,Amherst,NY,3710 Main Street,7168122000
Joyce,Mary,fseff07438@jumpstartlab.com,14454,Geneseo,NY,20 Court Street,5162338000
Grant,Mary,ogtedtle@jumpstartlab.com,14850,Ithaca,NY,405 W Green St,7168619000
Browne,Mary,arnfe015@jumpstartlab.com,16172,New Wilmington,PA,Box 1117 Westminster College,4197069000
Costantini,Mary,hvoe13@jumpstartlab.com,17325,Gettysburg,PA,Box 0336 Gettysburg College,9522501000
Ther,Mary,hobdul27@jumpstartlab.com,20009,Washington,DC,1858 California St. NW #41,2024942000
Bell,Mary,cfeckerp@jumpstartlab.com,21216,x,MD,x,3016131000
Skaggs,Mary,ijlldurrett@jumpstartlab.com,21216,x,MD,x,3016131000
Shpino,Mary,nrr11388@jumpstartlab.com,24060,null,VA,null,7032098000
Corrado,Mary,rcblanton@jumpstartlab.com,61401,Galesburg,IL,2 E. South Street K 1316,2177782000
Coomer,Mary,oered.schor@jumpstartlab.com,66046,Lawrence,KS,155 Indian Avenue,0000000000
Jolly,Mary,fxmasterson@jumpstartlab.com,78704,Austin,TX,520 Woodward Ave. Apt. 1634,9566395000
